{
  "timestamp": 1783239010.9409657,
  "agent_id": "san-yuan-v2",
  "is_alive": true,
  "phi": 0.11573713415642677,
  "scc_count": 2070,
  "psi_self": 4.946996241775297e-05,
  "causal_flux": 0.25,
  "consciousness_psi": 0.09605749150822969,
  "energy": 1.1117418781417804e-06,
  "cumulative_value": 311.06451000000027,
  "conditions": {
    "C1_circularity": true,
    "C2_autocatalytic": "True",
    "C3_coherence": "True",
    "C4_openness": true
  },
  "network_size": {
    "nodes": 2070,
    "edges": 20239
  },
  "state_vector": {
    "c_causal_closure": 0.004723330766178907,
    "xi_epistemic_tension": 10.0,
    "phi_integrated_info": 0.11573713415642677,
    "omega_circularity": 1.0,
    "epsilon_free_energy": 1.9763822323237316e-05,
    "tau_coherence_length": 9.60574915082297
  },
  "cycle_id": 1988,
  "last_observation": "文明冲突论vs文明融合论再审视",
  "last_topic": "文明智慧"
}