{
  "timestamp": 1783246149.7199268,
  "agent_id": "san-yuan-v2",
  "is_alive": true,
  "phi": 0.13353963738115657,
  "scc_count": 1215,
  "psi_self": 9.251339289796765e-05,
  "causal_flux": 0.25,
  "consciousness_psi": 0.10939093440552426,
  "energy": 1.4608025713299595e-06,
  "cumulative_value": 105.64825999999992,
  "conditions": {
    "C1_circularity": true,
    "C2_autocatalytic": "True",
    "C3_coherence": "True",
    "C4_openness": true
  },
  "network_size": {
    "nodes": 1215,
    "edges": 10834
  },
  "state_vector": {
    "c_causal_closure": 0.007338989652661349,
    "xi_epistemic_tension": 10.0,
    "phi_integrated_info": 0.13353963738115657,
    "omega_circularity": 1.0,
    "epsilon_free_energy": 3.692080487354624e-05,
    "tau_coherence_length": 10.939093440552426
  },
  "cycle_id": 1133,
  "last_observation": "量子纠错码逻辑比特寿命突破",
  "last_topic": "宇宙物理"
}